city,city_description,city_image,thumb_image,small_image
Seattle,Seattle,airhotels/city/city1.jpg,airhotels/city/thumb/city1.jpg,airhotels/city/small/city1.jpg
Mermaid Beach,Mermaid Beach,airhotels/city/city2.jpg,airhotels/city/thumb/city2.jpg,airhotels/city/small/city2.jpg
Chennai,Dubai,airhotels/city/city3.jpg,airhotels/city/thumb/city3.jpg,airhotels/city/small/city3.jpg
Canberra,Canberra,airhotels/city/city4.jpg,airhotels/city/thumb/city4.jpg,airhotels/city/small/city4.jpg
Sydney,Sydney,airhotels/city/city6.jpg,airhotels/city/thumb/city6.jpg,airhotels/city/small/city6.jpg
Mumbai,Mumbai,airhotels/city/city7.jpg,airhotels/city/thumb/city7.jpg,airhotels/city/small/city7.jpg
Los Angeles,Los Angeles,airhotels/city/city10.jpg,airhotels/city/thumb/city10.jpg,airhotels/city/small/city10.jpg
